Repeat,Seed,SegmentAccuracy,Stage1Accuracy,Stage2Accuracy,TrainClips,TestClips
1,42,0.878571428571429,0.910714285714286,0.910994764397906,1106,280
2,43,0.892857142857143,0.914285714285714,0.922680412371134,1106,280
3,44,0.9,0.935714285714286,0.882075471698113,1106,280
4,45,0.839285714285714,0.871428571428571,0.876288659793814,1106,280
5,46,0.885714285714286,0.885714285714286,0.982758620689655,1106,280
